,Metrics,Values
0,accuracy,0.7961157673511762
1,precision_binary,0.05768545994065282
2,precision_macro,0.5270241384935658
3,recall_binary,0.8113522537562604
4,recall_macro,0.8036166832621483
5,f1_binary,0.10771276595744682
6,f1_macro,0.4963108582653076
7,roc_auc,0.8878946956811601
